<?xml version="1.0" encoding="utf-8"?>
<rss version="2.0" xmlns:dc="http://purl.org/dc/elements/1.1/" xmlns:atom="http://www.w3.org/2005/Atom"><channel><title>Tesla tower1 lg</title><link>https://deb-demosite.com/es/galleries/demo/rss.xml</link><description></description><language>es</language><lastBuildDate>Wed, 16 Feb 2022 02:47:43 GMT</lastBuildDate><generator>https://getnikola.com/</generator><docs>http://blogs.law.harvard.edu/tech/rss</docs><item><title>Tesla4 lg</title><link>https://deb-demosite.com/galleries/demo/tesla4_lg.jpg</link><enclosure url="https://deb-demosite.com/galleries/demo/tesla4_lg.jpg" length="30200" type="image/jpeg"></enclosure><guid isPermaLink="false">galleries/demo/tesla4_lg.jpg</guid><pubDate>Wed, 01 Jan 2014 00:01:00 GMT</pubDate></item><item><title>Tesla conducts lg</title><link>https://deb-demosite.com/galleries/demo/tesla_conducts_lg.jpg</link><enclosure url="https://deb-demosite.com/galleries/demo/tesla_conducts_lg.jpg" length="19947" type="image/jpeg"></enclosure><guid isPermaLink="false">galleries/demo/tesla_conducts_lg.jpg</guid><pubDate>Wed, 01 Jan 2014 00:02:00 GMT</pubDate></item><item><title>Tesla lightning1 lg</title><link>https://deb-demosite.com/galleries/demo/tesla_lightning1_lg.jpg</link><enclosure url="https://deb-demosite.com/galleries/demo/tesla_lightning1_lg.jpg" length="41123" type="image/jpeg"></enclosure><guid isPermaLink="false">galleries/demo/tesla_lightning1_lg.jpg</guid><pubDate>Wed, 01 Jan 2014 00:03:00 GMT</pubDate></item><item><title>Tesla lightning2 lg</title><link>https://deb-demosite.com/galleries/demo/tesla_lightning2_lg.jpg</link><enclosure url="https://deb-demosite.com/galleries/demo/tesla_lightning2_lg.jpg" length="36994" type="image/jpeg"></enclosure><guid isPermaLink="false">galleries/demo/tesla_lightning2_lg.jpg</guid><pubDate>Wed, 01 Jan 2014 00:04:00 GMT</pubDate></item><item><title>Tesla tower1 lg</title><link>https://deb-demosite.com/galleries/demo/tesla_tower1_lg.jpg</link><enclosure url="https://deb-demosite.com/galleries/demo/tesla_tower1_lg.jpg" length="18105" type="image/jpeg"></enclosure><guid isPermaLink="false">galleries/demo/tesla_tower1_lg.jpg</guid><pubDate>Wed, 01 Jan 2014 00:05:00 GMT</pubDate></item></channel></rss>