<?xml version="1.0" encoding="utf-8"?>
<?xml-stylesheet type="text/xsl" href="../assets/xml/rss.xsl" media="all"?><rss version="2.0" xmlns:dc="http://purl.org/dc/elements/1.1/" xmlns:atom="http://www.w3.org/2005/Atom"><channel><title>Debra Cooperman's custom web site (Posts about nikola)</title><link>https://deb-demosite.com/</link><description></description><atom:link href="https://deb-demosite.com/categories/nikola.xml" rel="self" type="application/rss+xml"></atom:link><language>en</language><copyright>Contents © 2022 &lt;a href="mailto:cooperman.d@northeastern.edu"&gt;Debra Cooperman&lt;/a&gt; </copyright><lastBuildDate>Wed, 16 Feb 2022 02:47:43 GMT</lastBuildDate><generator>Nikola (getnikola.com)</generator><docs>http://blogs.law.harvard.edu/tech/rss</docs><item><title>Welcome to Nikola</title><link>https://deb-demosite.com/posts/welcome-to-nikola/</link><dc:creator>Roberto Alsina</dc:creator><description>&lt;figure&gt;
&lt;a class="reference external image-reference" href="https://farm1.staticflickr.com/138/352972944_4f9d568680_z.jpg?zz=1"&gt;&lt;img alt="Nikola Tesla Corner by nicwest, on Flickr" class="thumbnail" src="https://farm1.staticflickr.com/138/352972944_4f9d568680.jpg"&gt;&lt;/a&gt;
&lt;/figure&gt;
&lt;p&gt;If you can see this in a web browser, it means you managed to install Nikola,
and build a site using it. Congratulations!&lt;/p&gt;
&lt;p&gt;Next steps:&lt;/p&gt;
&lt;ul class="simple"&gt;
&lt;li&gt;&lt;p&gt;&lt;a class="reference external" href="https://deb-demosite.com/pages/handbook/"&gt;Read the manual&lt;/a&gt;&lt;/p&gt;&lt;/li&gt;
&lt;li&gt;&lt;p&gt;&lt;a class="reference external" href="https://getnikola.com"&gt;Visit the Nikola website to learn more&lt;/a&gt;&lt;/p&gt;&lt;/li&gt;
&lt;li&gt;&lt;p&gt;&lt;a class="reference external" href="https://deb-demosite.com/galleries/demo/"&gt;See a demo photo gallery&lt;/a&gt;&lt;/p&gt;&lt;/li&gt;
&lt;li&gt;&lt;p&gt;&lt;a class="reference external" href="https://deb-demosite.com/pages/listings-demo/"&gt;See a demo listing&lt;/a&gt;&lt;/p&gt;&lt;/li&gt;
&lt;li&gt;&lt;p&gt;&lt;a class="reference external" href="https://deb-demosite.com/pages/dr-nikolas-vendetta/"&gt;See a demo of a longer text&lt;/a&gt;&lt;/p&gt;&lt;/li&gt;
&lt;/ul&gt;
&lt;p&gt;Send feedback to &lt;a class="reference external" href="mailto:info@getnikola.com"&gt;info@getnikola.com&lt;/a&gt;!&lt;/p&gt;</description><category>blog</category><category>demo</category><category>nikola</category><category>python</category><guid>https://deb-demosite.com/posts/welcome-to-nikola/</guid><pubDate>Sat, 31 Mar 2012 02:00:00 GMT</pubDate></item></channel></rss>